Unnamed: 0,position,ref_base,q30_depth,A,T,G,C,GtoA,GtoT,GtoC,AtoT,AtoG,AtoC,TtoA,TtoG,TtoC,CtoT,CtoG,CtoA
1,-56,G,1271373,0,0,1271373,0,0.0,0.0,0.0,,,,,,,,,
2,-55,G,1273918,0,0,1273918,0,0.0,0.0,0.0,,,,,,,,,
3,-54,T,1329787,0,1329787,0,0,,,,,,,0.0,0.0,0.0,,,
4,-53,A,1284222,1284222,0,0,0,,,,0.0,0.0,0.0,,,,,,
5,-52,C,1313467,0,0,0,1313467,,,,,,,,,,0.0,0.0,0.0
6,-51,A,1295830,1295830,0,0,0,,,,0.0,0.0,0.0,,,,,,
7,-50,G,1313074,0,0,1313074,0,0.0,0.0,0.0,,,,,,,,,
8,-49,T,1311365,0,1311365,0,0,,,,,,,0.0,0.0,0.0,,,
9,-48,G,1308363,0,0,1308363,0,0.0,0.0,0.0,,,,,,,,,
10,-47,C,1309015,0,0,0,1309015,,,,,,,,,,0.0,0.0,0.0
11,-46,T,1315513,0,1315513,0,0,,,,,,,0.0,0.0,0.0,,,
12,-45,A,1314956,1314956,0,0,0,,,,0.0,0.0,0.0,,,,,,
13,-44,G,1308396,0,0,1308396,0,0.0,0.0,0.0,,,,,,,,,
14,-43,C,1325563,0,0,0,1325563,,,,,,,,,,0.0,0.0,0.0
15,-42,C,1304817,0,0,0,1304817,,,,,,,,,,0.0,0.0,0.0
16,-41,C,1314845,0,0,0,1314845,,,,,,,,,,0.0,0.0,0.0
17,-40,T,1324178,0,1324178,0,0,,,,,,,0.0,0.0,0.0,,,
18,-39,C,1277694,0,0,0,1277694,,,,,,,,,,0.0,0.0,0.0
19,-38,T,1320712,0,1320712,0,0,,,,,,,0.0,0.0,0.0,,,
20,-37,A,1289465,1289465,0,0,0,,,,0.0,0.0,0.0,,,,,,
21,-36,G,1302475,0,0,1302475,0,0.0,0.0,0.0,,,,,,,,,
22,-35,A,1292556,1292556,0,0,0,,,,0.0,0.0,0.0,,,,,,
23,-34,A,1304420,1304420,0,0,0,,,,0.0,0.0,0.0,,,,,,
24,-33,A,1265244,1265244,0,0,0,,,,0.0,0.0,0.0,,,,,,
25,-32,T,1317968,0,1317817,1,149,,,,,,,0.0,7.587437631262671e-07,0.0001130528207058,,,
26,-31,A,1312324,1311962,1,356,5,,,,7.620069434072683e-07,0.0002712744718529,3.8100347170363415e-06,,,,,,
27,-30,A,1281235,1281155,10,69,1,,,,7.804969424032282e-06,5.385428902582274e-05,7.804969424032281e-07,,,,,,
28,-29,T,1313123,7,1313052,1,63,,,,,,,5.330802978852705e-06,7.615432826932436e-07,4.797722680967434e-05,,,
29,-28,T,1317528,1,1317388,1,138,,,,,,,7.589971522426848e-07,7.589971522426848e-07,0.0001047416070094,,,
30,-27,T,1318490,3,1318420,0,67,,,,,,,2.275330112477152e-06,0.0,5.081570584532306e-05,,,
31,-26,T,1325838,0,1325652,0,186,,,,,,,0.0,0.0,0.0001402886325478,,,
32,-25,G,1300952,29,6,1300914,1,2.229136816731132e-05,4.612007207029929e-06,7.686678678383215e-07,,,,,,,,,
33,-24,T,1323691,4,1323560,1,124,,,,,,,3.021853287511965e-06,7.554633218779912e-07,9.36774519128709e-05,,,
34,-23,T,1326026,2,1325927,2,95,,,,,,,1.508266052098526e-06,1.508266052098526e-06,7.164263747467998e-05,,,
35,-22,T,1326949,22,1326808,0,119,,,,,,,1.6579386246193336e-05,0.0,8.967940742259122e-05,,,
36,-21,A,1282420,1282214,12,193,1,,,,9.357308837978197e-06,0.0001504967171441,7.797757364981832e-07,,,,,,
37,-20,A,1287118,1287023,1,81,13,,,,7.769295433674302e-07,6.293129301276184e-05,1.0100084063776592e-05,,,,,,
38,-19,C,1322411,7,53,1,1322350,,,,,,,,,,4.00783115082981e-05,7.561945567603416e-07,5.293361897322391e-06
39,-18,T,1322110,1,1321999,3,107,,,,,,,7.563667168389922e-07,2.2691001505169767e-06,8.093123870177216e-05,,,
40,-17,T,1324487,15,1324374,3,95,,,,,,,1.132513946909256e-05,2.2650278938185123e-06,7.17258833042529e-05,,,
41,-16,T,1326725,12,1325771,42,900,,,,,,,9.0448284309107e-06,3.1656899508187455e-05,0.0006783621323183,,,
42,-15,A,1296239,1296107,39,88,5,,,,3.0087044133064968e-05,6.788871496691583e-05,3.857313350392944e-06,,,,,,
43,-14,A,1297873,1297742,10,110,11,,,,7.704914117174794e-06,8.475405528892273e-05,8.475405528892272e-06,,,,,,
44,-13,G,1314416,33,5,1314376,1,2.5106206862971844e-05,3.803970736813916e-06,7.607941473627832e-07,,,,,,,,,
45,-12,A,1300369,1300269,4,91,4,,,,3.0760499519751703e-06,6.998013640743512e-05,3.0760499519751703e-06,,,,,,
46,-11,A,1291801,1291696,3,98,4,,,,2.3223391218926136e-06,7.586307798182537e-05,3.096452162523485e-06,,,,,,
47,-10,G,1313601,73,14,1313512,2,5.55724302889538e-05,1.065772635678566e-05,1.5225323366836655e-06,,,,,,,,,
48,-9,G,1315066,73,7,1314982,4,5.551052190536445e-05,5.322926758048645e-06,3.0416724331706546e-06,,,,,,,,,
49,-8,A,1313475,1313271,34,167,3,,,,2.5885532651934756e-05,0.0001271436456727,2.2840175869354197e-06,,,,,,
50,-7,G,1321204,122,6,1321070,6,9.234001713588516e-05,4.541312318158286e-06,4.541312318158286e-06,,,,,,,,,
51,-6,A,1298820,1298721,16,76,7,,,,1.231887405491138e-05,5.851465176082906e-05,5.389507399023729e-06,,,,,,
52,-5,T,1326675,4,1326317,0,354,,,,,,,3.0150564380877004e-06,0.0,0.0002668324947707,,,
53,-4,A,1315943,1315819,7,116,1,,,,5.319379334819213e-06,8.814971469128982e-05,7.599113335456019e-07,,,,,,
54,-3,T,1328478,11,1328361,0,106,,,,,,,8.280152174142138e-06,0.0,7.97905573144606e-05,,,
55,-2,A,1317726,1317184,1,537,3,,,,7.588831061996197e-07,0.0004075202280291,2.276649318598859e-06,,,,,,
56,-1,C,1319483,20,70,12,1319380,,,,,,,,,,5.305108137050648e-05,9.094471092086825e-06,1.5157451820144707e-05
57,0,C,1333151,6,77,4,1333064,,,,,,,,,,5.775789839260519e-05,3.0004103061093604e-06,4.500615459164041e-06
58,1,A,1306228,1305924,6,295,3,,,,4.5933787975759206e-06,0.0002258411242141,2.2966893987879603e-06,,,,,,
59,2,T,1321624,5,1321452,1,165,,,,,,,3.783224275588216e-06,7.566448551176431e-07,0.0001248464010944,,,
60,3,G,1313606,63,25,1313511,6,4.795958605548391e-05,1.903158176804917e-05,4.567579624331801e-06,,,,,,,,,
61,4,G,1312914,147,17,1312742,7,0.0001119646831399,1.2948296689653702e-05,5.331651578092701e-06,,,,,,,,,
62,5,G,1316479,182,8,1316283,5,0.0001382475527524,6.076815505602444e-06,3.798009691001528e-06,,,,,,,,,
63,6,C,1331922,14,200,2,1331706,,,,,,,,,,0.0001501589432414,1.5015894324142105e-06,1.0511126026899474e-05
64,7,A,1319978,1319873,5,96,4,,,,3.787941920244125e-06,7.27284848686872e-05,3.0303535361953e-06,,,,,,
65,8,G,1310910,415,4,1310470,21,0.0003165739829584,3.051315498394245e-06,1.601940636656979e-05,,,,,,,,,
66,9,C,1230783,7,693,3,1230080,,,,,,,,,,0.0005630562008087,2.4374727307738247e-06,5.68743637180559e-06
67,10,A,1313450,1313358,1,88,3,,,,7.613536868552286e-07,6.699912444326011e-05,2.284061060565686e-06,,,,,,
68,11,G,1307506,138,5,1307351,12,0.0001055444487444,3.824074229869691e-06,9.177778151687258e-06,,,,,,,,,
69,12,C,1206618,4,199,8,1206396,,,,,,,,,,0.0001649237786938,6.630101656033641e-06,3.315050828016821e-06
70,13,C,1156403,28,148,0,1156215,,,,,,,,,,0.0001279830647274,0.0,2.4213012245730942e-05
71,14,A,1021563,1021421,13,115,2,,,,1.2725597931796668e-05,0.0001125725970889,1.9577842971994875e-06,,,,,,
72,15,T,1316931,5,1315963,0,951,,,,,,,3.796706129630178e-06,0.0,0.0007221335058556,,,
73,16,C,1278779,4,255,2,1278518,,,,,,,,,,0.0001994089674603,1.5639919016499332e-06,3.1279838032998664e-06
74,17,A,1249292,1249216,10,65,1,,,,8.004533767926153e-06,5.202946949152e-05,8.004533767926154e-07,,,,,,
75,18,T,1321428,3,1321118,1,306,,,,,,,2.27027125200919e-06,7.567570840030634e-07,0.0002315676677049,,,
76,19,C,1320849,1,611,1,1320236,,,,,,,,,,0.0004625812640203,7.570888118172479e-07,7.570888118172479e-07
77,20,A,1301169,1301059,12,92,6,,,,9.222476096494769e-06,7.070565007312655e-05,4.611238048247384e-06,,,,,,
78,21,T,1318905,2,1318778,1,124,,,,,,,1.5164094457144374e-06,7.582047228572187e-07,9.401738563429512e-05,,,
79,22,C,1325581,43,117,2,1325419,,,,,,,,,,8.826318421884442e-05,1.5087723798093062e-06,3.2438606165900084e-05
80,23,A,1303775,1303707,4,61,3,,,,3.0680140361642157e-06,4.678721405150429e-05,2.3010105271231614e-06,,,,,,
81,24,T,1322556,4,1322459,0,93,,,,,,,3.024446601883021e-06,0.0,7.031838349378023e-05,,,
82,25,C,1329472,10,145,2,1329315,,,,,,,,,,0.0001090658547152,1.5043566167621432e-06,7.521783083810716e-06
83,26,A,1306506,1306451,3,44,8,,,,2.296200706311337e-06,3.3677610359232946e-05,6.1232018834968994e-06,,,,,,
84,27,T,1314113,1,1313980,1,125,,,,,,,7.609695665441252e-07,7.609695665441252e-07,9.512119581801564e-05,,,
85,28,C,1330356,8,69,4,1330274,,,,,,,,,,5.186581636794963e-05,3.006713992344906e-06,6.013427984689812e-06
86,29,A,1309811,1309704,9,93,5,,,,6.871220351638519e-06,7.10026103002647e-05,3.817344639799177e-06,,,,,,
87,30,C,1211893,20,1656,4,1210213,,,,,,,,,,0.0013664572697424,3.300621424498697e-06,1.6503107122493487e-05
88,31,A,1313905,1313618,9,261,17,,,,6.849810298309238e-06,0.0001986444986509,1.2938530563473008e-05,,,,,,
89,32,G,1295607,176,10,1295417,3,0.0001358436624686,7.71838991299059e-06,2.315516973897177e-06,,,,,,,,,
90,33,C,1313557,13,229,5,1313310,,,,,,,,,,0.0001743357920516,3.8064583417392623e-06,9.896791688522082e-06
91,34,A,1319792,1319700,2,86,4,,,,1.5153903039266792e-06,6.516178306884721e-05,3.0307806078533585e-06,,,,,,
92,35,G,1289068,74,12,1288975,5,5.740581567458039e-05,9.309051190472497e-06,3.87877132936354e-06,,,,,,,,,
93,36,C,1307311,19,276,41,1306968,,,,,,,,,,0.0002111203837495,3.136208599178007e-05,1.4533649605946864e-05
94,37,G,1279592,97,3,1279488,2,7.58054129753859e-05,2.3444973085170896e-06,1.56299820567806e-06,,,,,,,,,
95,38,G,1290198,168,11,1290016,2,0.0001302125720238,8.525823168226893e-06,1.550149666950344e-06,,,,,,,,,
96,39,C,1326202,4,125,0,1326066,,,,,,,,,,9.425411815093024e-05,0.0,3.016131780829768e-06
97,40,C,1170050,39,110,5,1169891,,,,,,,,,,9.401307636425794e-05,4.273321652920815e-06,3.333190889278236e-05
98,41,T,1309307,33,1308588,30,651,,,,,,,2.5204172894515952e-05,2.291288444955996e-05,0.0004972095925554,,,
99,42,G,1275828,347,43,1275429,8,0.0002719802355803,3.370360267998508e-05,6.2704377079042e-06,,,,,,,,,
100,43,G,1294469,94,4,1294367,1,7.26166482163729e-05,3.0900701368669314e-06,7.725175342167328e-07,,,,,,,,,
101,44,T,1313392,11,1313063,98,215,,,,,,,8.375260394459537e-06,7.461595624154861e-05,0.0001636982713462,,,
102,45,G,1287471,206,10,1287236,4,0.0001600036039646,7.767165241003486e-06,3.106866096401394e-06,,,,,,,,,
103,46,C,871879,10,518,60,871283,,,,,,,,,,0.0005941191380914,6.881688858201655e-05,1.146948143033609e-05
104,47,C,1192511,23,208,16,1192257,,,,,,,,,,0.0001744218711609,1.341706701237976e-05,1.9287033830295905e-05
105,48,G,934463,352,8,934098,2,0.0003766869314247,8.561066623290596e-06,2.140266655822649e-06,,,,,,,,,
106,49,C,1204822,9,88,11,1204709,,,,,,,,,,7.303983492997306e-05,9.129979366246631e-06,7.469983117838154e-06
107,50,G,1061231,138,4,1061032,54,0.0001300376638074,3.769207646591553e-06,5.088430322898597e-05,,,,,,,,,
108,51,C,1150091,5,218,6,1149859,,,,,,,,,,0.0001895502182001,5.2169784825722485e-06,4.347482068810207e-06
109,52,G,1062731,213,20,1062493,1,0.0002004270130446,1.8819437844572143e-05,9.409718922286072e-07,,,,,,,,,
110,53,G,1225323,257,22,1225024,11,0.0002097406153316,1.7954449561462568e-05,8.977224780731284e-06,,,,,,,,,
111,54,C,1105863,10,429,7,1105415,,,,,,,,,,0.0003879323207305,6.32989800725768e-06,9.042711438939543e-06
112,55,A,1169906,1169672,6,189,34,,,,5.128617170952196e-06,0.0001615514408849,2.906216396872911e-05,,,,,,
113,56,G,929485,264,2,929213,0,0.0002840282522041,2.1517291833649816e-06,0.0,,,,,,,,,
114,57,C,1119725,16,105,4,1119599,,,,,,,,,,9.37730246265824e-05,3.5723057000602825e-06,1.428922280024113e-05
115,58,C,1160822,50,54,2,1160713,,,,,,,,,,4.651875998215058e-05,1.7229170363759471e-06,4.307292590939868e-05
116,59,A,1076959,1076831,8,25,90,,,,7.428323640918549e-06,2.3213511377870465e-05,8.356864096033367e-05,,,,,,
117,60,T,806303,14,805332,0,954,,,,,,,1.7363199690438955e-05,0.0,0.0011831780360484,,,
118,61,A,994220,993577,2,582,55,,,,2.011627205246324e-06,0.0005853835167266,5.531974814427391e-05,,,,,,
119,62,T,1009690,2,1009330,1,351,,,,,,,1.980805989957313e-06,9.904029949786567e-07,0.0003476314512375,,,
120,63,G,1043576,58,18,1043491,4,5.557812751538939e-05,1.7248384401327743e-05,3.832974311406165e-06,,,,,,,,,
121,64,T,1246427,6,1246293,3,122,,,,,,,4.813759650585233e-06,2.4068798252926166e-06,9.787977956189974e-05,,,
122,65,C,1240525,10,478,2,1240031,,,,,,,,,,0.000385320731142,1.612220632393543e-06,8.061103161967715e-06
123,66,A,788827,788107,12,75,633,,,,1.5212461033914912e-05,9.507788146196822e-05,0.000802457319539,,,,,,
124,67,C,1150854,6,39,1,1150807,,,,,,,,,,3.3887878045347194e-05,8.689199498806973e-07,5.213519699284184e-06
125,68,A,947202,946913,2,118,167,,,,2.111482028120717e-06,0.0001245774396591,0.000176308749348,,,,,,
126,69,T,649908,0,648748,0,1159,,,,,,,0.0,0.0,0.001783329332767,,,
127,70,C,1268770,3,98,1,1268668,,,,,,,,,,7.724016173144068e-05,7.881649156269458e-07,2.3644947468808374e-06
128,71,T,774320,2,773988,154,176,,,,,,,2.582911457795227e-06,0.0001988841822502,0.0002272962082859,,,
129,72,C,1263850,6,61,0,1263782,,,,,,,,,,4.826522134747003e-05,0.0,4.747398821062626e-06
130,73,G,624153,242,45,623846,19,0.0003877254455237,7.209770681227198e-05,3.044125398740373e-05,,,,,,,,,
131,74,C,1246169,8,96,1,1246064,,,,,,,,,,7.70361002400156e-05,8.024593775001625e-07,6.4196750200013e-06
132,75,A,877986,877708,2,60,215,,,,2.277940650534291e-06,6.833821951602874e-05,0.0002448786199324,,,,,,
133,76,G,739469,385,7,739072,3,0.0005206438674237,9.466252134977936e-06,4.05696520070483e-06,,,,,,,,,
134,77,A,1206970,1206938,3,24,4,,,,2.485563021450409e-06,1.988450417160327e-05,3.3140840286005453e-06,,,,,,
135,78,A,1233527,1233485,0,39,2,,,,0.0,3.161665695197592e-05,1.6213670231782523e-06,,,,,,
136,79,C,849254,96,35,1,849122,,,,,,,,,,4.121264074116813e-05,1.1775040211762322e-06,0.0001130403860329
137,80,T,766880,4,766816,0,60,,,,,,,5.215939912372209e-06,0.0,7.823909868558314e-05,,,
138,81,G,878779,75,6,878696,2,8.534568987197009e-05,6.827655189757607e-06,2.2758850632525355e-06,,,,,,,,,
139,82,G,1132667,56,10,1132598,3,4.9440833007406415e-05,8.828720179894003e-06,2.6486160539682006e-06,,,,,,,,,
140,83,T,1201561,10,1201500,0,51,,,,,,,8.322507138630499e-06,0.0,4.244478640701554e-05,,,
141,84,T,1244633,0,1244507,0,126,,,,,,,0.0,0.0,0.000101234661141,,,
142,85,G,791587,42,13,791528,4,5.30579708863334e-05,1.642270527434129e-05,5.053140084412705e-06,,,,,,,,,
143,86,C,1040441,9,263,3,1040166,,,,,,,,,,0.0002527774280329,2.883392715204418e-06,8.650178145613255e-06
144,87,C,1181061,13,247,1,1180800,,,,,,,,,,0.000209133990539,8.466963179717221e-07,1.1007052133632389e-05
145,88,A,948283,948183,3,94,3,,,,3.163612550261894e-06,9.91265265748727e-05,3.163612550261894e-06,,,,,,
146,89,G,744515,46,6,744462,1,6.178518901566792e-05,8.058937697695815e-06,1.3431562829493026e-06,,,,,,,,,
147,90,T,1163731,1,1163036,0,694,,,,,,,8.593051143262489e-07,0.0,0.0005963577493424,,,
148,91,G,1039368,80,7,1039281,0,7.696985090939878e-05,6.734861954572394e-06,0.0,,,,,,,,,
149,92,C,941706,0,365,6,941335,,,,,,,,,,0.0003875944296839,6.371415282476696e-06,0.0
150,93,G,1003929,204,13,1003711,1,0.0002032016208317,1.294912289614106e-05,9.960863766262356e-07,,,,,,,,,
151,94,A,1158307,1158136,12,159,0,,,,1.0359947751330177e-05,0.0001372693077051,0.0,,,,,,
152,95,A,1331378,1331190,16,168,4,,,,1.2017623845369232e-05,0.0001261850503763,3.0044059613423084e-06,,,,,,
153,96,G,1231911,141,53,1231717,0,0.0001144563203023,4.302258848244719e-05,0.0,,,,,,,,,
154,97,G,1328169,95,2,1328070,2,7.152704211587532e-05,1.505832465597375e-06,1.505832465597375e-06,,,,,,,,,
155,98,C,1323715,11,388,9,1323307,,,,,,,,,,0.0002931144543953,6.79904662257359e-06,8.309945872034388e-06
156,99,G,1319209,149,16,1319041,3,0.0001129464701953,1.2128480020982273e-05,2.2740900039341755e-06,,,,,,,,,
157,100,G,1320668,354,9,1320288,17,0.0002680461705742,6.81473315019369e-06,1.2872273728143636e-05,,,,,,,,,
158,101,C,1313980,20,662,11,1313286,,,,,,,,,,0.0005038128434222,8.371512503995495e-06,1.5220931825446352e-05
159,102,C,1315952,25,138,1,1315787,,,,,,,,,,0.0001048670468223,7.599061363940326e-07,1.899765340985081e-05
160,103,A,1331822,1331738,12,70,1,,,,9.010213076522238e-06,5.255957627971305e-05,7.508510897101865e-07,,,,,,
161,104,T,1315820,7,1315701,19,92,,,,,,,5.3198765788633706e-06,1.4439664999772003e-05,6.991837789363287e-05,,,
162,105,T,1328593,15,1328119,11,447,,,,,,,1.1290139267631246e-05,8.27943546292958e-06,0.0003364461501754,,,
163,106,A,1329122,1328908,4,207,2,,,,3.0095055231950115e-06,0.0001557419108253,1.5047527615975058e-06,,,,,,
164,107,G,1324530,112,4,1324410,3,8.455829615033257e-05,3.019939148226163e-06,2.2649543611696224e-06,,,,,,,,,
165,108,C,1316332,9,158,9,1316155,,,,,,,,,,0.0001200305090205,6.837180893573962e-06,6.837180893573962e-06
166,109,C,1312091,10,146,3,1311931,,,,,,,,,,0.0001112727699526,2.286426779849873e-06,7.621422599499577e-06
167,110,A,1331045,1330817,20,203,4,,,,1.502578800866988e-05,0.0001525117482879,3.005157601733976e-06,,,,,,
168,111,G,1200633,336,57,1200232,8,0.0002798523778706,4.747495696020349e-05,6.663151854063648e-06,,,,,,,,,
169,112,G,1329217,51,3,1329161,2,3.8368453006544456e-05,2.25696782391438e-06,1.5046452159429198e-06,,,,,,,,,
170,113,C,1321791,2,102,3,1321684,,,,,,,,,,7.716802429430977e-05,2.269647773362052e-06,1.5130985155747012e-06
171,114,G,1307933,191,14,1307726,2,0.0001460319450614,1.0703912203453848e-05,1.529130314779121e-06,,,,,,,,,
172,115,T,1305404,6,1305270,20,108,,,,,,,4.596278240299555e-06,1.5320927467665184e-05,8.273300832539198e-05,,,
173,116,C,1312044,7,402,13,1311622,,,,,,,,,,0.0003063921636774,9.908204298026591e-06,5.335186929706626e-06
174,117,A,1331026,1330523,16,477,10,,,,1.2020801997857292e-05,0.0003583701595611,7.513001248660808e-06,,,,,,
175,118,G,1326315,149,11,1326153,2,0.0001123413367111,8.293655730350634e-06,1.507937405518297e-06,,,,,,,,,
176,119,A,1327340,1327239,1,100,0,,,,7.533864721925053e-07,7.533864721925053e-05,0.0,,,,,,
177,120,T,1312839,2,1310438,3,2396,,,,,,,1.5234160472076164e-06,2.2851240708114248e-06,0.0018250524245547,,,
178,121,G,1317527,95,9,1317314,109,7.210478419038091e-05,6.830979554878192e-06,8.27307523868581e-05,,,,,,,,,
179,122,T,1318984,11,1318682,21,269,,,,,,,8.339752415495563e-06,1.592134552049153e-05,0.0002039448545243,,,
180,123,T,1330927,0,1330811,3,113,,,,,,,0.0,2.2540680292758355e-06,8.490322910272314e-05,,,
181,124,G,1319431,195,16,1319217,3,0.0001477909795965,1.212643935150834e-05,2.2737073784078136e-06,,,,,,,,,
182,125,C,1322440,9,383,2,1322046,,,,,,,,,,0.0002896161640603,1.5123559480959438e-06,6.805601766431748e-06
183,126,C,1328370,15,131,2,1328222,,,,,,,,,,9.861710216280104e-05,1.5056046131725348e-06,1.129203459879401e-05
184,127,G,1321781,128,7,1321645,1,9.683903763180132e-05,5.295884870489135e-06,7.565549814984479e-07,,,,,,,,,
185,128,C,1327346,15,89,4,1327238,,,,,,,,,,6.705109293281481e-05,3.013532266643362e-06,1.1300745999912607e-05
186,129,G,1328279,99,8,1328169,2,7.453253420403394e-05,6.022831046790622e-06,1.5057077616976554e-06,,,,,,,,,
187,130,T,1309415,2,1309306,15,90,,,,,,,1.5273996402973847e-06,1.1455497302230386e-05,6.873298381338231e-05,,,
188,131,T,1325518,1,1325413,28,76,,,,,,,7.544220448156872e-07,2.112381725483924e-05,5.733607540599222e-05,,,
189,132,A,1333886,1333654,8,224,0,,,,5.997514030434385e-06,0.0001679303928521,0.0,,,,,,
190,133,G,1328957,318,4,1328630,5,0.000239285394486,3.0098791759251803e-06,3.762348969906476e-06,,,,,,,,,
191,134,A,1332938,1332837,5,96,0,,,,3.751112204768714e-06,7.202135433155931e-05,0.0,,,,,,
192,135,T,1323747,6,1323551,35,155,,,,,,,4.532588175837226e-06,2.6440097692383816e-05,0.0001170918612091,,,
193,136,A,1328640,1328294,1,345,0,,,,7.526493256262043e-07,0.000259664017341,0.0,,,,,,
194,137,A,1328863,1328779,7,74,3,,,,5.26766115092376e-06,5.568670359547975e-05,2.2575690646816114e-06,,,,,,
195,138,T,1306928,7,1306180,37,704,,,,,,,5.356071642814294e-06,2.8310664397732697e-05,0.0005386677766487,,,
196,139,G,1319942,64,4,1319872,2,4.848697897331853e-05,3.030436185832408e-06,1.515218092916204e-06,,,,,,,,,
197,140,T,1329952,15,1328997,14,925,,,,,,,1.1278602536031376e-05,1.0526695700295951e-05,0.0006955138230552,,,
198,141,G,1326984,65,8,1326907,3,4.898325827590989e-05,6.028708710881217e-06,2.260765766580456e-06,,,,,,,,,
199,142,C,1329691,5,274,11,1329399,,,,,,,,,,0.0002060629123608,8.272598671420653e-06,3.760272123373024e-06
200,143,G,1319504,133,3,1319362,6,0.0001007954504116,2.273581588233154e-06,4.547163176466308e-06,,,,,,,,,
201,144,C,1328893,2,180,4,1328707,,,,,,,,,,0.000135451085979,3.010024132868485e-06,1.5050120664342426e-06
202,145,G,1333343,191,26,1333125,1,0.000143248961445,1.9499858626024963e-05,7.499945625394216e-07,,,,,,,,,
203,146,T,1301456,3,1301338,12,103,,,,,,,2.305110583838409e-06,9.220442335353634e-06,7.91421300451187e-05,,,
204,147,C,1330166,11,556,4,1329595,,,,,,,,,,0.0004179929422342,3.007143469311349e-06,8.26964454060621e-06
205,148,G,1330082,592,13,1329470,7,0.000445085340603,9.773833492972614e-06,5.2628334192929455e-06,,,,,,,,,
206,149,A,1333453,1333367,12,71,2,,,,8.999192322489057e-06,5.324522124139358e-05,1.4998653870815095e-06,,,,,,
207,150,A,1335361,1335274,0,87,0,,,,0.0,6.515092173577032e-05,0.0,,,,,,
208,151,T,1325664,4,1325422,7,231,,,,,,,3.0173558307384075e-06,5.280372703792213e-06,0.0001742522992251,,,
209,152,A,1330966,1330610,2,353,1,,,,1.502667987010938e-06,0.0002652208997074,7.51333993505469e-07,,,,,,
210,153,T,1325502,7,1325177,45,273,,,,,,,5.281018059572901e-06,3.394940181154008e-05,0.0002059597043233,,,
211,154,T,1320748,4,1320637,6,101,,,,,,,3.028586831098741e-06,4.542880246648111e-06,7.647181748524322e-05,,,
212,155,T,1321178,32,1321001,31,114,,,,,,,2.4220809005296787e-05,2.3463908723881264e-05,8.628663208136981e-05,,,
213,156,G,1332902,901,64,1331934,3,0.0006759686758666,4.8015533024933565e-05,2.250728110543761e-06,,,,,,,,,
214,157,G,1327276,1566,22,1325664,24,0.0011798601044545,1.657530159514675e-05,1.808214719470555e-05,,,,,,,,,
215,158,G,1326558,800,15,1325737,6,0.000603064472115,1.1307458852157236e-05,4.522983540862895e-06,,,,,,,,,
216,159,C,1328962,26,187,5,1328743,,,,,,,,,,0.0001407113220694,3.762334814689961e-06,1.95641410363878e-05
217,160,A,1334872,1334715,3,153,0,,,,2.247406492907185e-06,0.0001146177311382,0.0,,,,,,
218,161,A,1336857,1336780,6,69,1,,,,4.48813897073509e-06,5.161359816345353e-05,7.480231617891817e-07,,,,,,
219,162,G,1328977,2269,5,1326701,1,0.0017073282682845,3.7622923496794895e-06,7.52458469935898e-07,,,,,,,,,
220,163,A,1331164,1331055,1,107,0,,,,7.512222385821731e-07,8.038077952829253e-05,0.0,,,,,,
221,164,A,1335271,1335061,12,193,4,,,,8.986939729837613e-06,0.0001445399473215,2.995646576612538e-06,,,,,,
222,165,G,1333047,2788,20,1330237,2,0.0020914491387025,1.5003221941912026e-05,1.5003221941912023e-06,,,,,,,,,
223,166,G,1332801,11946,36,1320813,6,0.0089630785090947,2.701078405553417e-05,4.501797342589029e-06,,,,,,,,,
224,167,G,1333514,849,22,1332638,5,0.0006366637320643,1.6497764552903082e-05,3.749491943841609e-06,,,,,,,,,
225,168,T,1325005,7,1323702,3,1293,,,,,,,5.282998932079502e-06,2.264142399462644e-06,0.0009758453741683,,,
226,169,C,1331245,14,162,1,1331068,,,,,,,,,,0.0001216905978989,7.511765302404892e-07,1.0516471423366848e-05
227,170,A,1335964,1335835,5,124,0,,,,3.7426158189891354e-06,9.281687231093052e-05,0.0,,,,,,
228,171,T,1327330,5,1327099,4,222,,,,,,,3.76696074073516e-06,3.0135685925881283e-06,0.0001672530568886,,,
229,172,T,1331338,8,1331132,81,117,,,,,,,6.008992457212218e-06,6.0841048629273706e-05,8.78815146867287e-05,,,
230,173,T,1330000,17,1328801,3,1179,,,,,,,1.2781954887218043e-05,2.255639097744361e-06,0.0008864661654135,,,
231,174,A,1335944,1335430,24,489,1,,,,1.7964824872898864e-05,0.0003660333067853,7.485343697041193e-07,,,,,,
232,175,A,1335535,1335449,4,81,1,,,,2.995054416394928e-06,6.064985193199729e-05,7.48763604098732e-07,,,,,,
233,176,C,1333153,18,151,3,1332981,,,,,,,,,,0.0001132653191344,2.250304353663833e-06,1.3501826121982998e-05
234,177,C,1331944,24,375,75,1331470,,,,,,,,,,0.0002815433681896,5.6308673637930726e-05,1.801877556413783e-05
235,178,C,1332781,44,58,2,1332677,,,,,,,,,,4.3518027342826766e-05,1.5006216325112678e-06,3.301367591524789e-05
236,179,T,1326115,7,1325914,6,188,,,,,,,5.278576895668928e-06,4.524494482001938e-06,0.0001417674937693,,,
237,180,T,1316351,12,1316221,13,105,,,,,,,9.116109609063236e-06,9.875785409818506e-06,7.976595907930331e-05,,,
238,181,C,1329188,18,65,5,1329100,,,,,,,,,,4.890203643126481e-05,3.761695110097293e-06,1.3542102396350252e-05
239,182,A,1337508,1337158,3,300,47,,,,2.2429772382669862e-06,0.0002242977238266,3.513997673284945e-05,,,,,,
240,183,G,1338375,1939,11,1336361,64,0.001448771831512,8.218922200429626e-06,4.781918371159055e-05,,,,,,,,,
241,184,A,1337521,1337431,1,89,0,,,,7.476518125696718e-07,6.654101131870079e-05,0.0,,,,,,
242,185,T,1316448,4,1315907,155,382,,,,,,,3.038479301878996e-06,0.0001177410729478,0.0002901747733294,,,
243,186,G,1317839,2287,3,1315548,1,0.001735416845305,2.2764541040294e-06,7.588180346764666e-07,,,,,,,,,
244,187,A,1336253,1336035,7,209,2,,,,5.238528931272745e-06,0.0001564075066622,1.496722551792213e-06,,,,,,
245,188,C,1333549,6,691,16,1332836,,,,,,,,,,0.0005181661866193,1.1998059313905976e-05,4.499272242714741e-06
246,189,G,1335991,12488,19,1323481,3,0.0093473683580203,1.4221652690774117e-05,2.245524109069597e-06,,,,,,,,,
247,190,A,1338064,1337990,0,74,0,,,,0.0,5.530378218082244e-05,0.0,,,,,,
248,191,C,1332381,8,78,3,1332292,,,,,,,,,,5.854181349028544e-05,2.251608211164825e-06,6.004288563106199e-06
249,192,C,1333239,17,81,3,1333138,,,,,,,,,,6.075429836660944e-05,2.2501591987633123e-06,1.2750902126325436e-05
250,193,C,1333049,31,61,6,1332951,,,,,,,,,,4.575975826845075e-05,4.50095982968368e-06,2.3254959120032342e-05
251,194,T,1330306,11,1330049,6,240,,,,,,,8.268774251939027e-06,4.510240501057652e-06,0.0001804096200423,,,
252,195,G,1333831,74,14,1333739,4,5.547929235412882e-05,1.0496082337267617e-05,2.9988806677907472e-06,,,,,,,,,
253,196,C,1332239,4,364,6,1331865,,,,,,,,,,0.0002732242488022,4.5036964088275455e-06,3.0024642725516967e-06
254,197,G,1338713,211,10,1338484,8,0.0001576140666446,7.46986097841733e-06,5.975888782733864e-06,,,,,,,,,
255,198,T,1324500,3,1324381,13,103,,,,,,,2.265005662514156e-06,9.815024537561344e-06,7.776519441298603e-05,,,
256,199,G,1326121,114,9,1325996,2,8.596500620984058e-05,6.786711016566362e-06,1.5081580036814137e-06,,,,,,,,,
257,200,A,1333386,1333287,3,95,1,,,,2.249911128510424e-06,7.124718573616342e-05,7.499703761701413e-07,,,,,,
258,201,A,1336274,1336195,4,74,1,,,,2.9933980605773967e-06,5.537786412068184e-05,7.483495151443492e-07,,,,,,
259,202,C,1329177,10,201,0,1328966,,,,,,,,,,0.0001512213948932,0.0,7.523452482250295e-06
260,203,T,1326616,3,1326465,2,146,,,,,,,2.261392897417188e-06,1.507595264944792e-06,0.0001100544543409,,,
261,204,T,1320477,5,1320235,23,214,,,,,,,3.78651048068236e-06,1.7417948211138855e-05,0.0001620626485732,,,
262,205,C,1329215,7,99,1,1329108,,,,,,,,,,7.448005025522584e-05,7.52323739951776e-07,5.266266179662432e-06
263,206,C,1330294,20,119,4,1330151,,,,,,,,,,8.945391018827417e-05,3.0068541239756025e-06,1.5034270619878012e-05
264,207,A,1332805,1332686,5,114,0,,,,3.75148652653614e-06,8.553389280502398e-05,0.0,,,,,,
265,208,C,1326981,0,0,0,1326981,,,,,,,,,,0.0,0.0,0.0
266,209,C,1331502,0,0,0,1331502,,,,,,,,,,0.0,0.0,0.0
267,210,T,1321673,0,1321673,0,0,,,,,,,0.0,0.0,0.0,,,
268,211,G,1335063,0,0,1335063,0,0.0,0.0,0.0,,,,,,,,,
269,212,A,1333549,1333549,0,0,0,,,,0.0,0.0,0.0,,,,,,
270,213,T,1320692,0,1320692,0,0,,,,,,,0.0,0.0,0.0,,,
271,214,G,1335789,0,0,1335788,0,0.0,0.0,0.0,,,,,,,,,
272,215,A,1334229,1334228,0,0,0,,,,0.0,0.0,0.0,,,,,,
273,216,A,1331313,1331313,0,0,0,,,,0.0,0.0,0.0,,,,,,
274,217,C,1331829,0,0,0,1331829,,,,,,,,,,0.0,0.0,0.0
275,218,G,1317966,0,0,1317966,0,0.0,0.0,0.0,,,,,,,,,
276,219,C,1331320,0,0,0,1331320,,,,,,,,,,0.0,0.0,0.0
277,220,C,1330156,0,0,0,1330156,,,,,,,,,,0.0,0.0,0.0
278,221,C,1327894,0,0,0,1327894,,,,,,,,,,0.0,0.0,0.0
279,222,G,1329604,0,0,1329604,0,0.0,0.0,0.0,,,,,,,,,
280,223,G,1334673,0,0,1334673,0,0.0,0.0,0.0,,,,,,,,,
281,224,C,1325940,0,0,0,1325940,,,,,,,,,,0.0,0.0,0.0
282,225,A,1334532,1334532,0,0,0,,,,0.0,0.0,0.0,,,,,,
283,226,G,1326270,0,0,1326270,0,0.0,0.0,0.0,,,,,,,,,
